Company Name,Website,Contact Email,Phone Number
iN Technologies (P) Ltd - LinkedIn,https://in.linkedin.com/company/in-technologiesprivatelimited,hr@intechnologies.net,8810601344
I.T. Solutions India Pvt Ltd | LinkedIn,https://in.linkedin.com/company/i-t-solutions-india-pvt-ltd,sales@itsipl.com,N/A
Top 5 IT Staffing Companies in India - LinkedIn,https://www.linkedin.com/pulse/top-5-staffing-companies-india-digisoft-solution-843jc,info@digisoftsolution.com,N/A
Vionsys IT Solutions India Pvt. Ltd | LinkedIn,https://in.linkedin.com/company/vionsys-it-solutions-ind-pvt-ltd,vinitasharma@vionsys.com,9730217273
EVRY India | LinkedIn,https://in.linkedin.com/company/evry-india,sonal.palam@tietoevry.com,N/A
Vionsys IT Solutions India Pvt. Ltd | LinkedIn,https://in.linkedin.com/company/vionsys-it-solutions-ind-pvt-ltd,vinitasharma@vionsys.com,9730217273
Top 5 .NET Development Companies in India 2025 - LinkedIn,https://www.linkedin.com/pulse/top-5-net-development-companies-india-2025-digisoft-solution-kuudc,info@digisoftsolution.com,N/A
Synergy Technology Services Pvt. Ltd. - LinkedIn,https://in.linkedin.com/company/sts,nikita.sanil@stspl.com,N/A
Synergy Technology Services Pvt. Ltd. - LinkedIn,https://in.linkedin.com/company/sts,nikita.sanil@stspl.com,N/A
Hexaware Technologies - LinkedIn,https://in.linkedin.com/company/hexaware-technologies,m.jaseem@slasscom.lk,N/A
IT MNC GROUP - LinkedIn,https://in.linkedin.com/company/itmncgroup,hr@itmncgroup.com,N/A
Wemonde - We build trust companies - LinkedIn,https://in.linkedin.com/company/wemonde,contact@wemonde.com,+91-9810244800
Ankur Warikoo - Founder - WebVeda - LinkedIn,https://in.linkedin.com/in/warikoo,warikoo@gmail.com,N/A
Sify Technologies Limited. - LinkedIn,https://in.linkedin.com/company/sify,dhara.thobhani@cii.in,+91-9769009182
Mind IT Systems | LinkedIn,https://www.linkedin.com/company/mind-it-systems,aditi.chauhan@minditsystems.com,N/A
Top 15 Food Delivery App Development Companies in India [2024],https://www.linkedin.com/pulse/top-15-food-delivery-app-development-companies-india-2024-rhzbc?trk=public_post,N/A,+91-7300353111
Winjit Technologies Pvt Ltd | LinkedIn,https://in.linkedin.com/company/winjit-technologies,fintech@winjit.com,N/A
Delente Technologies Pvt Ltd | LinkedIn,https://in.linkedin.com/company/delente-technologies-pvt-ltd,Mukesh@delente.in,N/A
Techasoft Pvt Ltd | LinkedIn,https://ca.linkedin.com/company/techasoft-pvt-ltd,kathija.b@techasoft.com,N/A
NEC Software Solutions (India) - LinkedIn,https://in.linkedin.com/company/necsws-india,india.careers@necsws.com,N/A
Top 15 Food Delivery App Development Companies in India [2024],https://www.linkedin.com/pulse/top-15-food-delivery-app-development-companies-india-2024-rhzbc?trk=public_post,N/A,+91-7300353111
WovV Technologies | LinkedIn,https://www.linkedin.com/company/wovvtech,Consulting@WovVTech.com,N/A
Top IT Companies in India | Ashesh D Shah - LinkedIn,https://www.linkedin.com/posts/aasheshdshaah_top-it-companies-in-india-activity-7290594627194163201-WMio,ho@inductusgroup.com,N/A
Startek India - LinkedIn,https://in.linkedin.com/company/startek-india,Saurav.Pandey@startek.com,N/A
YASH Technologies | LinkedIn,https://in.linkedin.com/company/yash-technologies,N/A,6565332600
Top IT Companies in India | Ashesh D Shah - LinkedIn,https://www.linkedin.com/posts/aasheshdshaah_top-it-companies-in-india-activity-7290594627194163201-WMio,ho@inductusgroup.com,N/A
MHTECHIN™ | LinkedIn,https://in.linkedin.com/company/mhtechin-india,contact@mhtechin.com,N/A
What are the most successful industries in India? Food delivery or…,https://www.linkedin.com/posts/aagupta_what-are-the-most-successful-industries-in-activity-7243446753146863616-rsTC,anirudh.pratap@payomatix.com,N/A
WovV Technologies | LinkedIn,https://www.linkedin.com/company/wovvtech,Consulting@WovVTech.com,N/A
YASH Technologies | LinkedIn,https://in.linkedin.com/company/yash-technologies,N/A,6565332600
"Vikram Labhe - Bengaluru, Karnataka, India | Professional Profile",https://in.linkedin.com/in/vikramlabhe,contact@startuprise.org,+91-9051112233
Startek India - LinkedIn,https://in.linkedin.com/company/startek-india,Saurav.Pandey@startek.com,N/A
SEO Tech Experts Pvt Ltd - Top-Rated SEO Agency in India - LinkedIn,https://in.linkedin.com/company/seo-tech-experts,N/A,9715282860
Radical Minds Technologies Pvt. Ltd. - LinkedIn,https://in.linkedin.com/company/radical-minds-pvt--ltd-,sales@radicalminds.in,+91-9958058594
SEO Tech Experts Pvt Ltd - Top-Rated SEO Agency in India - LinkedIn,https://in.linkedin.com/company/seo-tech-experts,N/A,9715282860
Radical Minds Technologies Pvt. Ltd. - LinkedIn,https://in.linkedin.com/company/radical-minds-pvt--ltd-,sales@radicalminds.in,+91-9958058594
Dzone India Software and Technologies Pvt. Ltd. - LinkedIn,https://in.linkedin.com/company/dzone-india-software-and-technology-pvt-ltd,hr.dzoneindia@gmail.com,+91 8955540756
Seventh Contact Hiring Solutions | LinkedIn,https://in.linkedin.com/company/seventh-contact-hiring-solutions,rajiv@seventh-contact.com,+91-9822404753
Tax Tech India Pvt. Ltd. - LinkedIn,https://in.linkedin.com/company/tax-tech-india-private-limited,jobs.india@taxtechnologies.com,N/A
Tax Tech India Pvt. Ltd. - LinkedIn,https://in.linkedin.com/company/tax-tech-india-private-limited,jobs.india@taxtechnologies.com,N/A
Top 10 Best Web Development Companies in India (2025) - LinkedIn,https://www.linkedin.com/pulse/top-10-best-web-development-companies-india-bpfkf,vigneshwaran.m@calibraint.com,N/A
Foundation for Advancing Science and Technology - India | LinkedIn,https://in.linkedin.com/company/fast-india,prerna@theconvergencefoundation.org,N/A
Intex Technologies (India) Ltd. - LinkedIn,https://in.linkedin.com/company/intextechnologies,aman.siddiqui@intex.in,N/A
Intex Technologies (India) Ltd. - LinkedIn,https://in.linkedin.com/company/intextechnologies,aman.siddiqui@intex.in,N/A
Foundation for Advancing Science and Technology - India | LinkedIn,https://in.linkedin.com/company/fast-india,prerna@theconvergencefoundation.org,N/A
Think Future Technologies - LinkedIn,https://in.linkedin.com/company/think-future-technologies,info@tftus.com,N/A
Diensten Tech Limited (Formerly known as JKT Consulting Ltd.),https://in.linkedin.com/company/diensten-tech-limited,info@jkdtl.com,N/A
